strategy,top_k,mean,sum,median,min,max,negative_windows
ret_60d_low,40,0.011538400271552446,0.10384560244397202,0.0075703561954568455,-0.008882350965787416,0.04578755236923339,3
ret_60d_low,30,0.011432558445298634,0.1028930260076877,0.007119446995689477,-0.008062732049771093,0.04858511595124197,3
ret_60d_low,50,0.010789714280828575,0.09710742852745717,0.0072631473603101265,-0.013304789392032314,0.04244647512205765,3
close_over_ma60_low,30,0.00908375021196315,0.08175375190766834,0.00313539682311623,-0.005032320945556862,0.0286279235631325,2
ret_60d_low,70,0.008960974479377454,0.08064877031439709,0.007600018199258415,-0.01461427170579242,0.03220084948099522,3
close_over_ma60_low,40,0.008496483550657056,0.0764683519559135,0.0032404378454883725,-0.0050817175633341444,0.02691959693168934,3
close_over_ma60_low,50,0.007884915913671707,0.07096424322304537,0.004016162990110338,-0.008247874566148668,0.02605754475433361,3
ret_60d_low,100,0.007349295962027223,0.066143663658245,0.006988743159578786,-0.015990205533999543,0.028616020565640773,3
close_over_ma20_low,30,0.0063305284916026,0.0569747564244234,0.005689728912928425,-0.01754172926310829,0.029314251079277487,4
close_over_ma60_low,70,0.0061554392311570965,0.05539895308041387,0.004942871282565528,-0.011250278921231337,0.021289620675953563,2
drawdown_20d_low,30,0.005987325228665085,0.05388592705798577,0.004179120609310152,-0.014836100018152248,0.025880511730326614,4
ret_60d_low,150,0.0059441048820651765,0.05349694393858659,0.008496792132841782,-0.0162235268114249,0.027636030503315402,3
overnight_ret_high,30,0.005921584985293272,0.05329426486763945,0.0004372706831691263,-0.03000048522560709,0.05604363136183478,4
close_over_ma20_low,40,0.00582261364283657,0.052403522785529136,0.006457712483145656,-0.019278113494625687,0.0294857562063634,4
drawdown_20d_low,40,0.005301861893399654,0.04771675704059689,0.0029034608278665046,-0.01601476052517603,0.02493519648433759,4
close_over_ma20_low,50,0.005291962611121758,0.04762766350009582,0.0040869568328157635,-0.018908558783903406,0.02827552048119923,4
close_over_ma20_low,70,0.00525451078775272,0.04729059708977448,0.0011927287390480282,-0.015466363570892455,0.024310846308150877,4
overnight_ret_high,40,0.005253387800575525,0.04728049020517973,0.0015999729306495469,-0.03111147548664142,0.04913739424528732,4
ret_5d_low,40,0.005116526417837576,0.04604873776053818,0.013365833814967903,-0.029554844821267627,0.0296703622062172,4
close_over_ma60_low,100,0.004967661437153145,0.04470895293437831,0.006231179901589154,-0.012787064842913566,0.020985054900319676,2
close_over_ma20_low,100,0.004767430861077572,0.04290687774969815,-0.00038230512735928576,-0.013582827338206885,0.01933679248390014,5
ret_5d_low,50,0.004608372401933094,0.04147535161739784,0.014366208620403772,-0.02952479078559806,0.026022831644054223,4
drawdown_20d_low,50,0.004604353236478344,0.041439179128305095,0.0012984418334614084,-0.015950287232319282,0.024428114173813964,4
overnight_ret_high,50,0.004514796705495402,0.04063317034945862,0.000331704458569255,-0.029858682191668907,0.04300020395456791,4
drawdown_20d_low,70,0.004104790594647706,0.03694311535182935,0.0038388166741962493,-0.013760975301255973,0.02094698267239839,2
overnight_ret_high,70,0.004096978775029334,0.03687280897526401,-0.0008590528454308355,-0.026740128513732836,0.04211271619706598,5
close_over_ma60_low,150,0.003990116467171453,0.03591104820454307,0.0035892153807245003,-0.01222846233939447,0.02079294349063386,3
ret_5d_low,30,0.003934538854733962,0.03541084969260566,0.011106676579401412,-0.03140898068125546,0.032008739410335496,4
close_over_ma20_low,150,0.003601047162418216,0.032409424461763946,0.001058408206334259,-0.012061709094838974,0.014999965516157454,4
drawdown_20d_low,100,0.0034120870948106032,0.03070878385329543,0.0014644475128782301,-0.010961119733478103,0.016939912034104394,2
overnight_ret_high,100,0.00321396920355696,0.02892572283201264,-0.001410730036167658,-0.021974417541006076,0.03765488365590784,5
ret_5d_low,70,0.0031982642215207875,0.028784377993687087,0.01306534105936219,-0.02608998971927253,0.023138758887898098,4
ret_10d_low,40,0.0029413720735199855,0.02647234866167987,0.008526772914159764,-0.031174595081504858,0.017792922954183887,2
overnight_ret_high,150,0.002926157736788645,0.026335419631097805,0.003459409237825367,-0.019664161446678312,0.03204754862272481,4
intraday_ret_low,70,0.0027839620127032057,0.025055658114328853,0.005007395681625525,-0.027648671529455306,0.02384274868779379,3
ret_10d_low,30,0.0027116461176282785,0.024404815058654508,0.007340842902421589,-0.03182203638106995,0.015882832401823782,3
rsi_14_high,40,0.0025981238446480936,0.023383114601832844,0.0006019366809919408,-0.04494943570014643,0.04046141262689737,4
ret_10d_low,50,0.0025975835639558686,0.023378252075602818,0.007906734896428666,-0.030566551743914025,0.01435597763241804,2
rsi_14_high,30,0.0025873550222708912,0.023286195200438023,6.461883875726222e-05,-0.047253032454534764,0.03919188407878857,4
intraday_ret_low,50,0.0025178557172326585,0.022660701455093926,0.0044586712535904585,-0.03717290250687531,0.028943654463932045,4
intraday_ret_low,30,0.002489045970386365,0.022401413733477284,0.0007097353330129605,-0.05037716653196729,0.03675231512287799,4
intraday_ret_low,100,0.0024061067238056425,0.02165496051425078,0.003373563650222065,-0.01949078841073936,0.017428239936731482,3
intraday_ret_low,40,0.002142943580411995,0.019286492223707954,0.002821785591590305,-0.04286579985220908,0.03156425690351672,4
drawdown_20d_low,150,0.0021116569141234366,0.01900491222711093,7.720511008665193e-05,-0.010589897605062112,0.013475780756867922,4
mom_accel_5_20_low,30,0.0020607461021410877,0.01854671491926979,-0.005487645322246076,-0.027720165040590605,0.04512270099609664,6
rsi_14_high,50,0.0020088136664415906,0.018079322997974316,-0.00041677169517495734,-0.04328700710745699,0.03985738460661393,5
ret_5d_low,100,0.0018280490041810591,0.016452441037629533,0.01207339862184413,-0.020692303820097617,0.01963202836483048,4
ret_10d_low,70,0.0018029839996539852,0.016226855996885867,0.005024523040437531,-0.027127135877817676,0.01287119407705438,3
amplitude_ma_20d_high,30,0.0016896722656814269,0.015207050391132841,0.009350137547247714,-0.028408754851876855,0.024181929721361503,4
amplitude_ma_20d_high,40,0.0015798361828233147,0.014218525645409832,0.008480324024357416,-0.030970729447280104,0.02275625584335518,4
intraday_ret_low,150,0.001527340533312607,0.013746064799813464,0.003459676314985366,-0.014561960092028814,0.012976442761135507,4
close_pos_20d_low,70,0.0013187067958477195,0.011868361162629477,-0.0024714282145797684,-0.01229468426308366,0.018207333681449674,5
rsi_14_high,70,0.001178848034316804,0.010609632308851237,-0.00021517308566038236,-0.03621670750883804,0.03794372615471905,5
ret_5d_low,150,0.001164634666874145,0.010481712001867306,0.005756008222690828,-0.014021061775222183,0.015599056500153294,4
close_pos_20d_low,50,0.0011571263184908616,0.010414136866417754,-0.0039250537055375186,-0.012215565699255054,0.016807646100610227,5
close_pos_20d_low,100,0.0011493462429311067,0.01034411618637996,-0.0004741340213642378,-0.01303131497537173,0.017947621546756356,5
ret_1d_low,70,0.0010262923338026657,0.009236631004223991,0.005077241122718429,-0.03220815682334419,0.012149229669034686,3
vol_20d_high,100,0.0010136389036926859,0.009122750133234173,0.012522804380185194,-0.03129113596888804,0.019210863725655822,4
ret_1d_low,100,0.0009435802326942221,0.008492222094247999,0.0030731428987856137,-0.02464936856635299,0.013080352430506967,2
close_pos_20d_low,150,0.0009035256119737282,0.008131730507763554,-3.818301511180136e-05,-0.012846864781353079,0.016347795550135893,5
mom_accel_5_20_low,40,0.0008893581876915982,0.008004223689224384,-0.0054181547792580415,-0.02776034646088512,0.04269179003067542,6
mom_accel_5_20_low,50,0.0008434459413561857,0.007591013472205671,-0.004059373469651198,-0.02805730532346127,0.043346540503750045,6
rsi_14_low,100,0.0008213112460958324,0.007391801214862492,-0.0013562094238196015,-0.029489855031493484,0.025510609375089262,5
ret_10d_low,100,0.0007782676719873322,0.00700440904788599,0.003224932728200843,-0.02380039620133438,0.011464020530202373,3
vol_20d_high,150,0.0007607426380158148,0.006846683742142333,0.008674832286706166,-0.02244624336611735,0.01448353789200267,4
amplitude_ma_20d_high,50,0.000729904817747852,0.006569143359730668,0.011714943829512603,-0.03127458233575932,0.019647967041438986,4
vol_5d_high,150,0.0006422126919317241,0.005779914227385517,0.004531639135784353,-0.016773169166182066,0.012989651137495103,4
ret_20d_low,150,0.0006351377043373725,0.0057162393390363525,0.003118767573582676,-0.011084403427381782,0.012815646311210417,3
ret_20d_low,70,0.0006172478652084228,0.005555230786875805,0.0036087526805504734,-0.012339170599489215,0.00800993723374338,4
ret_20d_low,100,0.0006157520406148138,0.005541768365533325,0.002653217832544772,-0.009090306520836583,0.008910420360403843,3
rsi_14_low,150,0.0005920569306401943,0.005328512375761749,-0.00044370852290472745,-0.02688302533241732,0.023399667800258706,5
ret_1d_low,50,0.0005769953423699806,0.005192958081329826,0.0039231868782768214,-0.04049699605840931,0.014924590777477622,3
rsi_14_low,70,0.0005673850292243287,0.005106465263018958,-0.0009378152301156711,-0.03182472202309482,0.02629296238697816,5
mom_accel_5_20_low,70,0.0005589860967287259,0.005030874870558533,-0.003516431515268592,-0.025988416842670725,0.041276515052339646,6
close_pos_20d_low,40,0.00048285154781591553,0.0043456639303432396,-0.004528907185910331,-0.01428999157968859,0.017243689144859197,5
amplitude_ma_20d_high,70,0.0003382470496576382,0.0030442234469187437,0.01506687925261202,-0.03140232891010243,0.01952636389071119,4
amplitude_ma_20d_high,150,0.000335338236711583,0.0030180441304042474,0.007565968689695501,-0.02252739724679967,0.0170211098776816,4
amplitude_ma_20d_high,100,0.00032257549420005677,0.0029031794478005107,0.011556975155458296,-0.02881193765156531,0.017821618625077078,4
ret_1d_low,150,0.0003131919397531739,0.002818727457778565,0.002403995139174199,-0.0170585540537063,0.013380912578958834,4
rsi_14_high,100,0.00029024913273128215,0.002612242194581539,-0.0023350465175899712,-0.030521231999599413,0.03555865239219533,5
vol_20d_high,70,0.00027191915931747444,0.00244727243385727,0.012129469792105715,-0.037875039826340134,0.019369993736652963,4
rsi_14_low,30,0.0001913524421675907,0.0017221719795083162,-0.0012934864540124213,-0.034156100339273146,0.025864841625004742,5
vol_5d_high,100,9.74072886229253e-05,0.0008766655976063277,0.0037052128058633607,-0.017566251580668688,0.013116706140406845,4
ret_20d_low,50,8.055191295040979e-05,0.0007249672165536881,0.004476057141537818,-0.01858706040780074,0.009213104071572567,3
ret_10d_low,150,5.716767760197611e-05,0.000514509098417785,0.002865047893560715,-0.020046318559617693,0.010389110943627999,4
rsi_14_low,50,-4.480312466864567e-05,-0.00040322812201781105,-7.404647870035488e-05,-0.033957631971117695,0.026394768789450088,5
rsi_14_low,40,-5.001331779216911e-05,-0.000450119860129522,0.00045414370916696534,-0.03508632374336246,0.02595014998373632,4
vol_20d_high,30,-0.00011869196476082626,-0.0010682276828474363,0.008019920035562525,-0.05040526009629194,0.02974085221374969,4
vol_20d_high,50,-0.00016544713121855058,-0.0014890241809669552,0.009782667147996898,-0.04454273717568058,0.024792267700256887,4
ret_20d_low,40,-0.00017067527074042638,-0.0015360774366638373,0.002933507894472248,-0.019914886339467034,0.010837793565050595,3
rsi_14_high,150,-0.00021299460199856974,-0.0019169514179871276,-0.0014220866192106302,-0.027571962284216017,0.029983787876798992,5
close_pos_20d_low,30,-0.0003029846952825537,-0.0027268622575429835,-0.007547326638321703,-0.015693368020640544,0.016878687998684038,5
ret_1d_low,40,-0.0004283722689162575,-0.0038553504202463174,0.002817642996934988,-0.043879548620888914,0.016825023793346584,4
vol_20d_high,40,-0.0004744725720107055,-0.004270253148096349,0.008997780943018615,-0.0474504298022283,0.026730238920931126,4
mom_accel_5_20_low,100,-0.0005565853181933265,-0.0050092678637399385,-0.007001360419301897,-0.021479689406374285,0.03508139498592584,6
vol_5d_high,50,-0.0008783080238693622,-0.00790477221482426,-0.00400144038983655,-0.032060202956628175,0.02242774761474975,5
ret_3d_low,100,-0.000914306514299063,-0.008228758628691567,0.004019884973368214,-0.027662313181485848,0.01599747858721097,4
reversal_3d_high,100,-0.0009148294135701203,-0.008233464722131083,0.004019884973368214,-0.027662313181485848,0.01599747858721097,4
ret_3d_low,150,-0.0009977351113831902,-0.008979616002448712,0.0018598586582227235,-0.019781170691290692,0.011483806416894421,4
reversal_3d_high,150,-0.0009979671345915497,-0.008981704211323948,0.0018571515953604602,-0.019781170691290692,0.011483806416894421,4
vol_5d_high,70,-0.0010164796635680669,-0.009148316972112602,0.0008285302476038732,-0.02136104588650995,0.014417691865216922,4
ret_20d_high,70,-0.0010529863660790856,-0.00947687729471177,-0.004668241075759819,-0.02736891414904754,0.025867018953164414,5
vol_5d_high,40,-0.0010906020639348188,-0.009815418575413369,-0.004446684284803097,-0.03576722850191337,0.023805139194934932,5
ret_20d_low,30,-0.0013094024479439683,-0.011784622031495714,0.0010534523652293293,-0.023384537546661026,0.00947411245214836,4
ret_20d_high,100,-0.0013803233456790407,-0.012422910111111365,-0.003947654112631024,-0.026316922914847142,0.01905930983751475,5
mom_accel_5_20_high,150,-0.0013948044400365865,-0.012553239960329279,-0.0003459144019357721,-0.04087954822542094,0.017201717662391567,5
ret_3d_low,70,-0.0015261731684065424,-0.013735558515658882,0.0028894087411135624,-0.038576991934921256,0.02056063304146377,4
reversal_3d_high,70,-0.0015261731684065424,-0.013735558515658882,0.0028894087411135624,-0.038576991934921256,0.02056063304146377,4
ret_1d_low,30,-0.0015455579514509017,-0.013910021563058116,-0.0009117335916674907,-0.04508044789648344,0.01696686415040953,5
ret_20d_high,50,-0.0016054705641857245,-0.01444923507767152,-0.005518808833816412,-0.036753777255837776,0.030005319191256125,5
ret_20d_high,150,-0.0016971796270811995,-0.015274616643730796,-0.003108413915105933,-0.029619276121150485,0.012830171351080014,5
mom_accel_5_20_low,150,-0.0019337823724402572,-0.017404041351962315,-0.0023414539967201026,-0.019480780813543472,0.025840321548600942,5
vol_5d_high,30,-0.0021509814686156625,-0.019358833217540963,-0.0038268627330958482,-0.03484286543474446,0.021864973467271967,5
mom_accel_5_20_high,100,-0.002256920375415779,-0.02031228337874201,-0.00025810504931840506,-0.04344771443733861,0.016621107690189964,5
ret_20d_high,40,-0.002263170874388699,-0.020368537869498292,-0.004871977428994825,-0.042826773874121433,0.03066628583308017,5
high_low_range_high,150,-0.0022996324283779475,-0.020696691855401527,-0.0038848950910762153,-0.014671837276882232,0.013918031581918965,5
ret_10d_high,150,-0.0023487964899805754,-0.021139168409825177,-0.006478084885217401,-0.03444214871562481,0.0354459227936505,6
high_low_range_low,50,-0.0025841167269570814,-0.023257050542613733,-0.0014722722912036065,-0.05372667090038118,0.028173994289425547,5
volume_z_20d_high,150,-0.002612767686534918,-0.023514909178814263,0.006279859381145534,-0.03777927133913424,0.01981324051859559,4
turnover_z_20d_high,150,-0.0027177871268673974,-0.024460084141806577,0.0061674108175197185,-0.037848820121173375,0.01997833231571721,4
high_low_range_low,40,-0.0027268948717977855,-0.02454205384618007,-0.0022777215908484916,-0.05331905140087571,0.02801569108839036,5
close_over_ma20_high,150,-0.002727463554114197,-0.024547171987027775,-0.0007275986630967471,-0.04063432167911971,0.026324409201319288,5
mom_accel_5_20_high,30,-0.0028307260422144234,-0.025476534379929812,0.0019304593958010957,-0.053049007799841924,0.016615205373124137,3
high_low_range_low,30,-0.0028406665437312757,-0.02556599889358148,-0.004695815188930481,-0.05214675619056863,0.028621068702440643,5
amount_z_20d_high,150,-0.0028417934491006243,-0.025576141041905618,0.004396014994156154,-0.04012952303103255,0.018948921969085906,4
ret_20d_high,30,-0.003032393600443724,-0.027291542403993514,-0.004554610459190804,-0.04575778935203892,0.033938157490245355,5
high_low_range_low,70,-0.003037255287416186,-0.027335297586745674,-0.0009453199499571355,-0.05252263451289752,0.027532833392102874,5
volume_z_20d_high,30,-0.0030423557268780856,-0.02738120154190277,0.005458589247777485,-0.046210797508536613,0.028633828461354954,4
turnover_z_20d_high,30,-0.003050901650799681,-0.027458114857197128,0.005458589247777486,-0.04628771082383097,0.028633828461354954,4
ret_10d_high,100,-0.00314304565142179,-0.028287410862796108,-0.00328690181127006,-0.03822719755551624,0.036494007943954916,6
close_over_ma20_high,100,-0.0031566072050022063,-0.028409464845019855,0.0013013358803390315,-0.04167805680760446,0.02899536173413897,4
ret_3d_low,50,-0.0032302967555130338,-0.029072670799617305,8.223341288306901e-05,-0.049261003822126795,0.02240567793990368,4
reversal_3d_high,50,-0.0032302967555130338,-0.029072670799617305,8.223341288306901e-05,-0.049261003822126795,0.02240567793990368,4
close_pos_20d_high,150,-0.00324033296790758,-0.029162996711168218,-0.00031180312059935975,-0.04661012416229665,0.02662184216467693,5
mom_accel_5_20_high,70,-0.0032652014819773314,-0.029386813337795983,-0.0010817066244565646,-0.04557408156066735,0.017385185853122997,5
mom_accel_5_20_high,40,-0.003387455401748715,-0.030487098615738437,0.00041570834354819064,-0.051495108905273715,0.01717993683009627,3
close_pos_20d_high,100,-0.003491664751783906,-0.031424982766055154,-0.00015601943585301023,-0.050927262504619306,0.03194490859573648,5
vol_5d_low,100,-0.0035295271629118916,-0.03176574446620702,-0.0011045343222375395,-0.045814686045123496,0.0279471274859518,5
high_low_range_low,100,-0.003624961258445686,-0.032624651326011174,-0.0006933022626262261,-0.05044287158786191,0.025447243958177997,5
ret_5d_high,150,-0.003639114569724435,-0.03275203112751991,0.0003334242735866279,-0.040414631099223816,0.02388197697166969,4
close_over_ma20_high,50,-0.0037020903591965617,-0.03331881323276906,-0.006450640446770458,-0.05226142590730867,0.04052275974821569,5
vol_20d_low,50,-0.0037949928837251387,-0.03415493595352625,0.0017954238653903791,-0.05568222562330919,0.02788707522163718,4
vol_20d_low,40,-0.0038150840176949005,-0.034335756159254105,0.0019406274469761283,-0.05578592111762161,0.02844429164170948,4
vol_20d_low,70,-0.0038186238860070587,-0.03436761497406353,0.0018089705868461698,-0.05482293654761853,0.027690091727091398,4
high_low_range_low,150,-0.0038981702612738037,-0.03508353235146423,-0.0030486169587063457,-0.04720427002201508,0.02362775788935894,5
close_over_ma20_high,70,-0.003923281605097484,-0.03530953444587736,-0.00327297095038789,-0.044440151567002165,0.03423487194537377,5
vol_5d_low,150,-0.003925354298498609,-0.03532818868648748,-0.0015330161187251737,-0.043448871446083275,0.026400075251624373,5
vol_5d_low,30,-0.003940357971353279,-0.035463221742179515,0.004447269856395174,-0.049975042279550214,0.03343466228048868,4
vol_20d_low,100,-0.0040233569901626685,-0.036210212911464014,0.0005628408095258693,-0.05302025672419441,0.02698201398625788,4
close_pos_20d_high,70,-0.004047458333150294,-0.03642712499835265,-0.0003364438399813558,-0.05783994667064115,0.037080353646142386,5
ret_3d_low,40,-0.004049513893615732,-0.03644562504254159,-0.0005498401698896815,-0.05379072056302753,0.023833910312724402,5
reversal_3d_high,40,-0.004049513893615732,-0.03644562504254159,-0.0005498401698896815,-0.05379072056302753,0.023833910312724402,5
ret_1d_high,150,-0.004105337016030578,-0.0369480331442752,0.0037758488077198494,-0.0386223742477068,0.01359469661389169,4
vol_5d_low,70,-0.004109029092060885,-0.03698126182854797,0.0010553990306987338,-0.04927330629565213,0.02884099976435522,4
mom_accel_5_20_high,50,-0.0041231202222595815,-0.03710808200033623,-0.000632341608889718,-0.04908560927862385,0.01754984988157455,5
ret_10d_high,70,-0.004265739349139887,-0.03839165414225899,-0.0023008907681967075,-0.044113765509379066,0.03842281737443186,5
amplitude_ma_20d_low,100,-0.004308473609789753,-0.038776262488107775,-0.0005094063504892631,-0.05189594015912904,0.02673479734802135,5
vol_20d_low,30,-0.00432085112184379,-0.03888766009659411,0.0009093461260322811,-0.056365527388483064,0.028330038904236878,4
overnight_ret_low,30,-0.0043261985940967656,-0.03893578734687089,4.190098611850379e-05,-0.03863601882671716,0.014699420451071584,4
vol_20d_low,150,-0.00434676422687283,-0.03912087804185547,-0.001815964490221299,-0.04961014397240364,0.026845511759158135,5
volume_z_20d_high,100,-0.004361544460110192,-0.039253900140991733,0.0025539905739246863,-0.04206162181669991,0.021261522150003598,4
amplitude_ma_20d_low,70,-0.004364795604515809,-0.039283160440642284,-0.0007815200044147264,-0.05449359677279264,0.027199815440849533,5
amount_z_20d_low,30,-0.004395138436634519,-0.03955624592971067,-0.005070938113308679,-0.032362996544176986,0.02679206694726304,5
turnover_z_20d_high,100,-0.004404535972631303,-0.03964082375368173,0.002657371994548463,-0.042214480654136084,0.02163739356725613,4
amount_z_20d_high,100,-0.004445896459507098,-0.04001306813556388,0.0003945622011230082,-0.04445515943292521,0.022494042988507507,4
amount_z_20d_low,150,-0.004452351359709055,-0.0400711622373815,-0.000405761033268762,-0.027377083976698482,0.010392485610130987,5
close_over_ma20_high,40,-0.00445617435232011,-0.04010556917088099,-0.007053867860174489,-0.058198458261992,0.04380240203429325,5
turnover_z_20d_low,150,-0.004456981432332436,-0.04011283289099192,-0.005569926034994621,-0.024830005426787746,0.011669186956874134,5
drawdown_20d_high,150,-0.004471947591193214,-0.040247528320738926,0.0011704711849278397,-0.05843238259674607,0.02568873311819099,4
amplitude_ma_20d_low,150,-0.0044886535531705974,-0.040397881978535374,-0.0023676791129124963,-0.048056167412168255,0.025731679442772225,5
amount_z_20d_low,70,-0.004549545955607351,-0.04094591360046616,-0.002381415012818161,-0.03150447652130059,0.014253361721354645,5
turnover_z_20d_low,100,-0.004563197025203734,-0.0410687732268336,-0.003446861971646495,-0.026125567411691038,0.015142155047111458,5
amount_z_20d_low,100,-0.004582433815429582,-0.041241904338866237,-0.0022261956456071375,-0.030462384442951032,0.011974434464829271,5
amplitude_ma_20d_low,50,-0.004584286946854692,-0.041258582521692226,-0.002036476539975768,-0.05688973801096928,0.02723766705711806,5
close_pos_20d_high,50,-0.0046242367585629185,-0.041618130827066266,-0.000534910883013091,-0.06240692663069525,0.040484247806952714,5
vol_5d_low,50,-0.004643916901682048,-0.04179525211513843,0.004400252936460104,-0.05143427276932372,0.030083818179737494,4
vol_5d_low,40,-0.004680745593400348,-0.042126710340603134,0.005372251036987789,-0.050994489895114535,0.03131850750104379,4
turnover_z_20d_low,70,-0.00469114574129011,-0.042220311671610986,-0.0035962649423162824,-0.026404910147839654,0.017517652320333667,5
volume_z_20d_high,40,-0.004724500649823003,-0.042520505848407025,-0.0008121793430233056,-0.04804787009955397,0.027116382918383815,5
amplitude_ma_20d_low,40,-0.004732829742342872,-0.042595467681085845,-0.0025378923546071665,-0.057678549093476854,0.026906770591119795,5
volume_z_20d_low,150,-0.004740874349768766,-0.042667869147918897,-0.005411619494619338,-0.025697615038794183,0.011162217671637234,5
ret_5d_high,100,-0.0047542857513704255,-0.04278857176233383,-0.004128339125887816,-0.04229404274617403,0.0269242436580885,6
turnover_z_20d_high,40,-0.004778262796098794,-0.04300436516488915,-0.0005998420544455294,-0.048963441903175337,0.027116382918383815,5
close_pos_20d_high,40,-0.004783258909457696,-0.043049330185119264,0.0011762130426372936,-0.06439064866719778,0.04217652725758876,4
amount_z_20d_low,50,-0.004858765473214348,-0.043728889258929135,-0.0023450076131533576,-0.031085750334044777,0.017604427002278416,5
volume_z_20d_low,100,-0.004865503745268481,-0.043789533707416325,-0.0033345316927013424,-0.026335015456121477,0.01435430967500138,5
amplitude_ma_20d_low,30,-0.004888836371885411,-0.0439995273469687,-0.0026033969229666398,-0.058234013842773845,0.02711954532260351,5
high_low_range_high,100,-0.00489912429831601,-0.04409211868484409,-0.004859031935158825,-0.022655193497631287,0.01650584493902012,6
ret_3d_low,30,-0.004971283460214903,-0.04474155114193412,4.2322052863766335e-05,-0.0566006081615153,0.02124497908625976,4
reversal_3d_high,30,-0.004971283460214903,-0.04474155114193412,4.2322052863766335e-05,-0.0566006081615153,0.02124497908625976,4
amount_z_20d_low,40,-0.005001266956570168,-0.045011402609131515,-0.0033401795444689686,-0.031318397203963094,0.020626038729654697,5
ret_10d_high,50,-0.005021379813470626,-0.04519241832123563,-0.0015868312014781713,-0.0506281933168395,0.04369537371050802,5
volume_z_20d_low,70,-0.005027550710486642,-0.04524795639437978,-0.0035359497171851273,-0.026715140798924633,0.016792301189238846,5
ret_1d_high,100,-0.005045495595811266,-0.045409460362301396,0.0007387338170805908,-0.041513437954819404,0.016118836000429904,4
close_pos_20d_high,30,-0.005088401878011214,-0.045795616902100926,0.00226222739785024,-0.06709964797992583,0.04310704921459308,4
overnight_ret_low,40,-0.005096326320169887,-0.045866936881528986,-0.003094853319319444,-0.04077953814078868,0.014637587922685755,5
ret_10d_high,40,-0.005123905774739581,-0.04611515197265623,-0.0015691972105883814,-0.053439041325907016,0.046137960500949336,5
volume_z_20d_high,50,-0.00515620598163934,-0.046405853834754054,-0.002184083325745498,-0.04652305584585187,0.02682884641235054,5
drawdown_20d_high,100,-0.0051658109464348435,-0.04649229851791359,0.0013386622855779337,-0.06123862498679982,0.026058016281083368,3
turnover_z_20d_high,50,-0.005211153410299181,-0.04690038069269263,-0.001860262065178567,-0.04706665228324218,0.02682884641235054,5
turnover_z_20d_low,50,-0.005218210855678122,-0.0469638977011031,-0.003969485369992226,-0.026331162386794643,0.018008176676938627,5
ret_5d_high,30,-0.005250040794626434,-0.047250367151637905,-0.016324574168742223,-0.05155258581773204,0.040532470964735466,5
turnover_z_20d_high,70,-0.005261430956961511,-0.0473528786126536,0.0006548764180026433,-0.04493712949142292,0.02400073984388634,4
volume_z_20d_high,70,-0.005271413233618229,-0.04744271910256406,0.00045928598859623984,-0.044637896406274385,0.023378751593583783,4
close_over_ma20_high,30,-0.0052816834419119486,-0.047535150977207535,-0.010175385147357309,-0.06016124762446008,0.04569786488149112,5
turnover_z_20d_low,40,-0.005344730938986815,-0.04810257845088134,-0.005563541041659362,-0.025181206057078437,0.018423189294711408,6
volume_z_20d_low,50,-0.005489548139655322,-0.049405933256897905,-0.003859910576977918,-0.026455777968993982,0.017373926197359932,5
volume_z_20d_low,40,-0.005560225923058443,-0.05004203330752599,-0.005393080898218203,-0.02535634436916971,0.018045007294478176,6
drawdown_20d_high,70,-0.0056025500066250985,-0.05042295005962589,0.002556859952378747,-0.06291850466983834,0.02849078325103243,3
ret_5d_high,40,-0.005619896991806428,-0.05057907292625785,-0.0158805328478888,-0.04785724572518332,0.0392924714582308,5
turnover_z_20d_low,30,-0.005681895179034032,-0.051137056611306284,-0.01006829112953029,-0.0250369581368819,0.015344991330933679,6
ret_5d_high,50,-0.005742109676581891,-0.051678987089237016,-0.012402229659712796,-0.04407154218625274,0.037368596251862826,5
volume_z_20d_low,30,-0.005954931281452047,-0.05359438153306842,-0.009893222288442756,-0.025297353548741824,0.015178065869009168,6
amount_z_20d_high,70,-0.006037847348882248,-0.05434062613994023,-0.0014216433132967846,-0.04913443039262978,0.02503980620107047,5
ret_5d_high,70,-0.006057264759826835,-0.05451538283844151,-0.008852974795623712,-0.043729179630048284,0.03200230295308991,6
overnight_ret_low,50,-0.006078528769668053,-0.054706758927012475,-0.005930082832538083,-0.04216681943063859,0.0145511348277017,5
close_over_ma60_high,150,-0.006081668447529412,-0.05473501602776471,-0.006477047673356766,-0.027188437074412132,0.018182299092007755,6
ret_1d_high,70,-0.0062996314509571535,-0.05669668305861438,-0.0025575944773435517,-0.04640195483833716,0.01772899494720452,5
reversal_3d_low,150,-0.0063141346190709186,-0.05682721157163827,-0.004025406069469542,-0.0370244578000685,0.01652396350725345,5
ret_3d_high,150,-0.006315250912802643,-0.056837258215223785,-0.004025406069469542,-0.03703005018907991,0.016519509252679337,5
close_over_ma60_high,50,-0.006358927033825606,-0.057230343304430456,-0.01258383212108962,-0.04730382779571991,0.026104960718191426,5
ret_1d_high,30,-0.006412174445992759,-0.05770957001393483,-0.0007470359241477063,-0.051167688979520516,0.02143641023227648,5
drawdown_20d_high,30,-0.006493813798987356,-0.0584443241908862,0.0032815992389428053,-0.06757932456448984,0.03446832166617778,4
overnight_ret_low,150,-0.006650253963103311,-0.0598522856679298,-0.0017187999774264141,-0.0384019155579287,0.006699725885360651,6
drawdown_20d_high,40,-0.006684783106560694,-0.06016304795904624,0.004376266389628533,-0.06780449818313974,0.0319953955480748,4
drawdown_20d_high,50,-0.006696849200301408,-0.06027164280271267,0.0032215439811428027,-0.06691606691306992,0.030781838286248996,4
close_over_ma60_high,40,-0.0067675251995801865,-0.06090772679622168,-0.010307772610302267,-0.050635824168446676,0.02337841925363768,5
high_low_range_high,70,-0.006804101250431482,-0.061236911253883336,-0.004505006571108399,-0.029351404896543545,0.018016643017272665,7
amount_z_20d_high,30,-0.006817895892397077,-0.061361063031573695,0.0010169622461563936,-0.05557537534827092,0.03170766414175044,4
ret_1d_high,50,-0.006823962488051271,-0.061415662392461434,-0.0048278412384059124,-0.050038406427337576,0.02067131622480589,5
intraday_ret_high,150,-0.006854565854198398,-0.06169109268778558,-0.0015618570935208211,-0.035514038309224644,0.009862688974262818,5
ret_10d_high,30,-0.0069033301792524,-0.062129971613271606,-0.004091228598423771,-0.055926434578469714,0.04874548981140532,5
close_over_ma60_high,70,-0.006945809311357873,-0.06251228380222086,-0.010920337040240168,-0.040130046379247025,0.024894430102919307,5
overnight_ret_low,70,-0.006946182508221895,-0.06251564257399705,-0.008537430286517544,-0.04018345545396777,0.012830338453935093,5
overnight_ret_low,100,-0.007065737911644134,-0.06359164120479721,-0.004293643199086934,-0.038493189894808016,0.01067231488376876,6
ret_1d_high,40,-0.007068042566886835,-0.06361238310198152,-0.004184961060224396,-0.051870008203573556,0.02335705107107977,5
amount_z_20d_high,50,-0.0071649980927846685,-0.06448498283506202,-0.005232271830650101,-0.05400961131156322,0.027488373201738164,5
close_over_ma60_high,100,-0.0071766136087774495,-0.06458952247899705,-0.00948495703408811,-0.033179159681798416,0.021875970859131573,5
close_over_ma60_high,30,-0.007364731616100949,-0.06628258454490854,-0.007154999577826789,-0.05191094205565887,0.020422061108457304,6
amount_z_20d_high,40,-0.007439039976584643,-0.06695135978926178,-0.0024915369981205297,-0.057514729455135666,0.02818315347483115,5
ret_60d_high,30,-0.007467897464784922,-0.0672110771830643,-0.004921337515789458,-0.04368146696056411,0.027151732636011297,6
intraday_ret_high,30,-0.007668084347236374,-0.06901275912512736,-0.0054464389383663304,-0.037880571887698736,0.015409461597559695,5
ret_60d_high,40,-0.007839772755262677,-0.0705579547973641,-0.006300265359952151,-0.04509011355613689,0.02854113616046173,5
ret_60d_high,50,-0.007864074136387487,-0.07077666722748738,-0.005972694945144651,-0.04254588902248652,0.02569278357536002,6
ret_60d_high,100,-0.008143875788851345,-0.0732948820996621,-0.006620106867435534,-0.030005464738634996,0.014577895834097084,7
reversal_3d_low,100,-0.008145021287072932,-0.07330519158365639,-0.0026698449348985936,-0.04020876945558252,0.01970060466453808,5
ret_3d_high,100,-0.008146142071894395,-0.07331527864704955,-0.0026698449348985936,-0.040218856518975686,0.01970060466453808,5
high_low_range_high,50,-0.00824396126835475,-0.07419565141519274,-0.0067725423085088915,-0.03177891995062945,0.019610983112085777,7
ret_60d_high,70,-0.008259923982792523,-0.0743393158451327,-0.006902291620592728,-0.03582883726046236,0.01897072710074569,7
intraday_ret_high,100,-0.008329316482513824,-0.07496384834262441,-0.003917176305566546,-0.03662131396348389,0.011588861534883282,6
ret_60d_high,150,-0.008389917753422464,-0.07550925978080217,-0.009042193867296322,-0.026377329577307068,0.012057558930227787,7
intraday_ret_high,70,-0.008679922593420937,-0.07811930334078843,-0.0038527214842070077,-0.04073583408835387,0.014460027988697305,6
intraday_ret_high,40,-0.0091329949389589,-0.0821969544506301,-0.005304049944853555,-0.04178189745305326,0.01606601353411516,5
high_low_range_high,40,-0.009190675680605201,-0.08271608112544682,-0.008326367363236773,-0.033446280302282555,0.020313581826797086,7
intraday_ret_high,50,-0.009271152793565357,-0.08344037514208821,-0.00583952095268981,-0.0439357641089792,0.015360342891543824,5
high_low_range_high,30,-0.00936098471915045,-0.08424886247235405,-0.009948535863509323,-0.0312079405641252,0.019452385168170133,7
ret_3d_high,70,-0.010375244957772298,-0.09337720461995068,-0.000780953393114403,-0.04579189730415447,0.023354785146182503,5
reversal_3d_low,70,-0.010375244957772298,-0.09337720461995068,-0.000780953393114403,-0.04579189730415447,0.023354785146182503,5
ret_3d_high,50,-0.012843175915467872,-0.11558858323921084,-0.005461062514240292,-0.04926208019675086,0.02163441029278305,5
reversal_3d_low,50,-0.012843175915467872,-0.11558858323921084,-0.005461062514240292,-0.04926208019675086,0.02163441029278305,5
ret_3d_high,40,-0.014225975065020205,-0.12803377558518184,-0.006656556301723245,-0.05438027909846603,0.01837607620340762,6
reversal_3d_low,40,-0.014225975065020205,-0.12803377558518184,-0.006656556301723245,-0.05438027909846603,0.01837607620340762,6
ret_3d_high,30,-0.015208526781964153,-0.13687674103767739,-0.0052557437361042125,-0.06081737543508977,0.014539621363709636,6
reversal_3d_low,30,-0.015208526781964153,-0.13687674103767739,-0.0052557437361042125,-0.06081737543508977,0.014539621363709636,6
